{
  "simple": {
    "DPW-W1": {
      "condition": [
        3.524627143,
        0.73679835
      ],
      "planform": [
        27.194,
        0.4615,
        7.8491,
        0.5038,
        2.9056,
        1.0
      ],
      "secpara": [
        [
          0.135
        ]
      ],
      "csts": [
        [
          [
            0.23213487,
            0.19546899,
            0.11376456,
            0.32005127,
            0.02261255,
            0.32774017,
            0.15004856,
            0.25436748,
            0.22277145,
            0.20617318
          ],
          [
            -0.17356616,
            -0.11146462,
            -0.19371978,
            -0.10675983,
            -0.25836487,
            -0.00047912,
            -0.37427973,
            0.10701383,
            -0.06127521,
            0.0552117
          ]
        ]
      ]
    },
    "RAE2822": {
      "condition": [
        3.0,
        0.8
      ],
      "planform": [
        30.0,
        2.0,
        9.0,
        0.3,
        4.0,
        0.9
      ],
      "secpara": [
        [
          0.121
        ]
      ],
      "csts": [
        [
          [
            0.127662684,
            0.135173799,
            0.148090862,
            0.158087213,
            0.170131371,
            0.185868764,
            0.198232095,
            0.197280364,
            0.187266517,
            0.214933752
          ],
          [
            -0.130013423,
            -0.139214032,
            -0.137858293,
            -0.165992855,
            -0.182652959,
            -0.155878454,
            -0.100293263,
            -0.062248343,
            -0.052528105,
            0.073379692
          ]
        ]
      ]
    },
    "OAT15A": {
      "condition": [
        3.0,
        0.8
      ],
      "planform": [
        30.0,
        2.0,
        9.0,
        0.3,
        4.0,
        0.9
      ],
      "secpara": [
        [
          0.1229
        ]
      ],
      "csts": [
        [
          [
            0.190142,
            0.138195,
            0.189083,
            0.111025,
            0.278701,
            0.054875,
            0.310877,
            0.208089,
            0.173174,
            0.207047
          ],
          [
            -0.138253,
            -0.126022,
            -0.241592,
            0.035522,
            -0.4632,
            0.292366,
            -0.459883,
            0.237026,
            0.010051,
            0.123768
          ]
        ]
      ]
    },
    "DB-1421": {
      "condition": [
        3.351816713,
        0.728208789
      ],
      "planform": [
        34.380888767,
        2.693005887,
        6.753886501,
        0.967019984,
        3.226568623,
        0.99183402
      ],
      "secpara": [
        [
          0.12925228
        ]
      ],
      "csts": [
        [
          [
            0.240494086,
            0.086137653,
            0.245027865,
            0.220145942,
            0.18863356,
            0.154834192,
            0.291286805,
            0.030013391,
            -0.151452368,
            -0.052462134
          ],
          [
            -0.226579155,
            -0.042263307,
            -0.274495462,
            -0.112621171,
            -0.088118368,
            -0.213528641,
            0.2,
            0.076234666,
            0.2761525138,
            0.01111785884
          ]
        ]
      ]
    },
    "DB-1622": {
      "condition": [
        1.839111559,
        0.725376769
      ],
      "planform": [
        17.19285198,
        2.72987689,
        8.736847423,
        0.424983752,
        4.857392774,
        0.967763199
      ],
      "secpara": [
        [
          0.138665889
        ]
      ],
      "csts": [
        [
          [
            0.219074055,
            0.085571972,
            0.313946696,
            0.08354797,
            0.318294403,
            0.349226364,
            0.259756879,
            0.201293518,
            -0.16265053,
            -0.048524857
          ],
          [
            -0.279439791,
            0.065308062,
            -0.403730025,
            0.022984942,
            -0.244090208,
            -0.11199167,
            0.093089161,
            0.292329001,
            0.4318307395,
            0.017883409750000002
          ]
        ]
      ]
    },
    "DB-1821": {
      "condition": [
        3.83508854,
        0.759589101
      ],
      "planform": [
        26.122112147,
        2.919797805,
        7.076688968,
        0.425710426,
        3.957021848,
        0.89034756
      ],
      "secpara": [
        [
          0.091630704
        ]
      ],
      "csts": [
        [
          [
            0.295307007,
            -0.065728502,
            0.512605849,
            -0.174221714,
            0.501264931,
            0.04061267,
            0.220496181,
            0.308115889,
            -0.150138951,
            -0.044792176
          ],
          [
            -0.258424533,
            0.060284365,
            -0.372517286,
            0.02121687,
            -0.225888041,
            -0.103376926,
            0.085928457,
            0.269842155,
            0.627124244,
            0.02770744295
          ]
        ]
      ]
    },
    "DB-2022": {
      "condition": [
        3.903953708,
        0.775078767
      ],
      "planform": [
        34.386753224,
        0.869002293,
        9.468295319,
        0.679764298,
        5.750925379,
        0.806538421
      ],
      "secpara": [
        [
          0.108028611
        ]
      ],
      "csts": [
        [
          [
            0.237163329,
            0.080845856,
            0.266955595,
            0.103508079,
            0.280756418,
            0.17615066,
            0.281962106,
            0.320135701,
            -0.150138951,
            -0.044792176
          ],
          [
            -0.257944423,
            0.060284365,
            -0.373052433,
            0.02121687,
            -0.224253519,
            -0.103376926,
            0.085928457,
            0.269842155,
            0.4732887155,
            0.01675906593
          ]
        ]
      ]
    },
    "DB-2221": {
      "condition": [
        4.5588898,
        0.786346089
      ],
      "planform": [
        10.678123827,
        0.289694908,
        8.799236045,
        0.873759359,
        3.329799853,
        0.959903682
      ],
      "secpara": [
        [
          0.109572644
        ]
      ],
      "csts": [
        [
          [
            0.105807255,
            0.226736434,
            0.089668134,
            0.035261519,
            0.467186435,
            -0.103757024,
            0.449592298,
            0.282380251,
            -0.122909546,
            -0.036658678
          ],
          [
            -0.21340312,
            0.055596888,
            -0.317774353,
            0.026900888,
            -0.194667296,
            -0.077242981,
            0.06199435,
            0.231936696,
            0.7735265420999999,
            0.041091470059999996
          ]
        ]
      ]
    },
    "DB-2421": {
      "condition": [
        1.256803863,
        0.803179006
      ],
      "planform": [
        12.375092344,
        0.875865076,
        7.701054395,
        0.979706622,
        2.853661832,
        0.888716469
      ],
      "secpara": [
        [
          0.093472608
        ]
      ],