{
    "DPW-W1":   [3.524627143, 0.73679835,  27.194,       0.4615,     7.8491,       0.5038,      2.9056,      1.0,        0.135, 0.23213487, 0.19546899, 0.11376456, 0.32005127, 0.02261255, 0.32774017, 0.15004856, 0.25436748, 0.22277145, 0.20617318, -0.17356616, -0.11146462, -0.19371978, -0.10675983, -0.25836487, -0.00047912, -0.37427973, 0.10701383, -0.06127521, 0.0552117], 
    "RAE2822":  [3.0, 0.80, 30.0, 2.0, 9.0, 0.3, 4.0, 0.9, 0.121, 0.127662684, 0.135173799, 0.148090862, 0.158087213, 0.170131371, 0.185868764, 0.198232095, 0.197280364, 0.187266517, 0.214933752, -0.130013423, -0.139214032, -0.137858293, -0.165992855, -0.182652959, -0.155878454, -0.100293263, -0.062248343, -0.052528105, 0.073379692],
    "OAT15A":   [3.0, 0.80, 30.0, 2.0, 9.0, 0.3, 4.0, 0.9, 0.1229, 0.190142,  0.138195,  0.189083,  0.111025,  0.278701,  0.054875,  0.310877,  0.208089,  0.173174,  0.207047, -0.138253, -0.126022, -0.241592,  0.035522, -0.463200,  0.292366, -0.459883,  0.237026,  0.010051,  0.123768],
    "DB-1421":     [3.351816713, 0.728208789, 34.380888767, 2.693005887, 6.753886501, 0.967019984, 3.226568623, 0.99183402, 0.075225272, 0.127200191, 0.12925228, 0.240494086, 0.086137653, 0.245027865, 0.220145942, 0.18863356, 0.154834192, 0.291286805, 0.030013391, -0.151452368, -0.052462134, -0.226579155, -0.042263307, -0.274495462, -0.112621171, -0.088118368, -0.213528641, 0.2, 0.076234666, 0.2761525138, 0.01111785884, 0.275714901766775, 0.010888941498143177],
    "DB-1622":     [1.839111559, 0.725376769, 17.19285198, 2.72987689, 8.736847423, 0.424983752, 4.857392774, 0.967763199,  0.119222152, 0.080586784, 0.138665889, 0.219074055, 0.085571972, 0.313946696, 0.08354797, 0.318294403, 0.349226364, 0.259756879, 0.201293518, -0.16265053, -0.048524857, -0.279439791, 0.065308062, -0.403730025, 0.022984942, -0.244090208, -0.11199167, 0.093089161, 0.292329001, 0.4318307395, 0.017883409750000002, 0.43138653403814214, 0.017460531819686907], 
    "DB-1821":     [3.83508854, 0.759589101, 26.122112147, 2.919797805, 7.076688968, 0.425710426, 3.957021848, 0.89034756,  0.107735285, 0.193130942, 0.091630704, 0.295307007, -0.065728502, 0.512605849, -0.174221714, 0.501264931, 0.04061267, 0.220496181, 0.308115889, -0.150138951, -0.044792176, -0.258424533, 0.060284365, -0.372517286, 0.02121687, -0.225888041, -0.103376926, 0.085928457, 0.269842155, 0.627124244, 0.02770744295, 0.6264512425205702, 0.02730566835688564], 
    "DB-2022":     [3.903953708, 0.775078767, 34.386753224, 0.869002293, 9.468295319, 0.679764298, 5.750925379, 0.806538421, 0.100594364, 0.193646707, 0.108028611, 0.237163329, 0.080845856, 0.266955595, 0.103508079, 0.280756418, 0.17615066, 0.281962106, 0.320135701, -0.150138951, -0.044792176, -0.257944423, 0.060284365, -0.373052433, 0.02121687, -0.224253519, -0.103376926, 0.085928457, 0.269842155, 0.4732887155, 0.01675906593, 0.47266164711505715, 0.016430249072334206], 
    "DB-2221":     [4.5588898, 0.786346089, 10.678123827, 0.289694908, 8.799236045, 0.873759359, 3.329799853, 0.959903682,  0.075214805, 0.195968975, 0.109572644, 0.105807255, 0.226736434, 0.089668134, 0.035261519, 0.467186435, -0.103757024, 0.449592298, 0.282380251, -0.122909546, -0.036658678, -0.21340312, 0.055596888, -0.317774353, 0.026900888, -0.194667296, -0.077242981, 0.06199435, 0.231936696, 0.7735265420999999, 0.041091470059999996, 0.7727452441628472, 0.04074496607846683], 
    "DB-2421":     [1.256803863, 0.803179006, 12.375092344, 0.875865076, 7.701054395, 0.979706622, 2.853661832, 0.888716469, 0.127804626, 0.249531387, 0.093472608, 0.237021186, 0.083643753, 0.221274073, 0.212863649, 0.155377819, 0.274170734, 0.277152452, 0.367377481, -0.150138951, -0.044792176, -0.257944423, 0.060105798, -0.372804012, 0.02121687, -0.224281496, -0.102360013, 0.085928457, 0.269842155, 0.3337402308, 0.01842167777, 0.3330446808365089, 0.018042344893947442], 
    "DB-2625":     [2.372697871, 0.825980455, 24.068458968, 1.314533356, 7.885309075, 0.770909282, 0.554581334, 0.83313918, 0.10011486, 0.187745424, 0.092849802, 0.266490315, -0.012254357, 0.421144765, -0.062919818, 0.44668648, 0.130949941, 0.263881215, 0.28777499, -0.151798302, -0.040437571, -0.265624201, 0.073681733, -0.384036118, 0.030480607, -0.232703077, -0.105909284, 0.093062068, 0.28139657, 0.5468784351999999, 0.02729862952, 0.5460560246687355, 0.026900657156896806], 
    "DB-2821":     [1.043523047, 0.83604446, 6.431090667, 0.166984484, 6.989031255, 0.916976861, 1.807716939, 0.804919588,  0.103545614, 0.193148538, 0.111096927, 0.112795937, 0.217769584, 0.098860211, 0.047516042, 0.452057244, -0.095407426, 0.441873019, 0.270436144, -0.125171054, -0.037343259, -0.215048393, 0.050258921, -0.310697697, 0.017205977, -0.187844425, -0.086185395, 0.071638709, 0.226938637, 0.3509132063, 0.01914029438, 0.35022021694832467, 0.018801443615193262], 
    "DB-21":       [1.392255092, 0.737861537, 32.485034301, 2.067979198, 9.601101235, 0.634284043, 0.936926832, 0.80233794, 0.084202069, 0.130956305, 0.12557453, 0.197894098, 0.083976349, 0.245420948, 0.203351859, 0.20473795, 0.142498248, 0.288856269, 0.055099209, -0.149286396, -0.051598567, -0.225883848, -0.038378149, -0.156376879, -0.102490845, -0.097327879, -0.202027581, 0.2, 0.091856522, 0.2753088247, 0.010526650329999998, 0.27509511709024664, 0.010305585051672847], 
    "DB-222":      [1.300410454, 0.727644229, 27.473292539, 2.114823026, 9.613745659, 0.702131207, 1.658531415, 0.850285497, 0.129123553, 0.098060661, 0.112162523, 0.278477003, -0.156681165, 0.774925152, -0.57242925, 0.877240395, -0.093473635, 0.41474514, 0.226471395, -0.150303895, -0.044998723, -0.258061216, 0.060101488, -0.372673869, 0.021157163, -0.225314038, -0.103349585, 0.085390065, 0.26984866, 0.4121309288999999, 0.01593010156, 0.4114915060793125, 0.015525826402300429], 
    "DB-421":      [2.040925059, 0.751308381, 4.781183487, 0.112160523, 7.233369808, 0.903651563, 3.321363405, 0.969792326, 0.115466501, 0.192431459, 0.125467178, 0.338458911, -0.161002797, 0.687693199, -0.307831733, 0.622087881, 0.016977073, 0.345276039, 0.29623619, -0.163315927, -0.04872337, -0.280582968, 0.065556644, -0.405381668, 0.023077558, -0.245070413, -0.112449824, 0.093469985, 0.293524907, 0.4400285621, 0.01840588218, 0.43927743101048994, 0.017973290764612772], 
    "DB-621":      [4.713565134, 0.765286415, 15.660442629, 0.450499134, 9.782419417, 0.678498048, 0.403863684, 0.844235739, 0.098284719, 0.13603603, 0.105315389, 0.216362409, 0.065953046, 0.251868215, 0.249085193, 0.119715339, 0.1594059, 0.236367674, 0.12931248, -0.149762698, -0.049228352, -0.257235256, 0.000558156, -0.241487247, -0.099402928, -0.227871259, -0.201777054, 0.085081023, 0.151310379, 0.7850521268000001, 0.04019153862, 0.7843928505235279, 0.039868804247599365], 
    "DB-822":      [1.270456122, 0.788518184, 13.337407772, 1.691437792, 6.437143275, 0.9634293, 5.246042693, 0.900590982,  0.091918397, 0.167110021, 0.123000212, 0.201596759, 0.095015404, 0.30833469, 0.070719648, 0.22567669, 0.206477233, 0.331155529, 0.2660765, -0.150024376, -0.044792176, -0.257944423, 0.060284365, -0.372673869, 0.02121687, -0.225314038, -0.103376926, 0.085928457, 0.269842155, 0.1894795658, 0.010797065299999999, 0.1891350712803571, 0.01045289215658952], 
    "DB-1024":     [3.663962577, 0.822164355, 22.913761925, 1.072223278, 7.626531625, 0.772257794, 5.655917584, 0.94795045, 0.079710211, 0.13051283, 0.082764546, 0.202235114, -0.000723969, 0.365198457, -0.194319078, 0.531748175, -0.036530516, 0.308226769, 0.239843734, -0.151845569, -0.038066162, -0.206796532, 0.050062894, -0.312392187, 0.017641094, -0.174554163, -0.063441916, 0.076759788, 0.223469759, 0.4787650563, 0.01920358556, 0.47810202340064856, 0.01888824376725365],